"","Classroom","Radoslaw (30 d)"
"count",615.046605901656,6631.24781024129
"continuous",846.246241398841,14547.6341234053
"interrupted",883.380868120719,13211.8050403576
